-- Part 3 Hotel schema 

USE Hotel;

INSERT INTO Guest (GuestId, FirstName,LastName,Phone,Street,City,State,ZIP) 
VALUES
	('1','Safaa', 'Abukar','07902429064', 'crazy st', 'London', 'LN', '5'),
    ('2', 'Mack', 'Simmer', '(291)-553-0508', '379 Old Shore Street', 'Council Bluffs', 'IA', '51501'),
    ('3', 'Bettyann', 'Seery', '(478) 277-9632', '750 Wintergreen Dr.', 'Wasilla', 'AK', '51501'),
    ('4','Duane', 'Cullison',	'(308) 494-0198',	'9662 Foxrun Lane',	'Harlingen'	,'TX',	'78552'),
    ('5','Karie', 'Yang', '(214) 730-0298','9378 W. Augusta Ave.',	'West Deptford',	'NJ',	'08096'),
    ('6','Aurore', 'Lipton', '(377) 507-0974',	'762 Wild Rose Street',	'Saginaw',	'MI',	'48601'),
    ('7','Zachery', 'Luechtefeld', '(814) 485-2615',	'7 Poplar Dr.',	'Arvada',	'CO',	'80003'),
    ('8','Jeremiah', 'Pendergrass', '(279) 491-0960',	'70 Oakwood St.', 'Zion',	'IL',	'60099'),
    ('9','Walter' ,'Holaway', '(446) 396-6785','7556 Arrowhead St.',	'Cumberland',	'RI',	'02864'),
    ('10','Wilfred', 'Vise', '(834) 727-1001', '77 West Surrey Street',	'Oswego',	'NY',	'13126'),
    ('11','Maritza', 'Tilton', '(446) 351-6860',	'939 Linda Rd.', 'Burke',	'VA',	'22015'),
    ('12','Joleen', 'Tison', '(231) 893-2755', '87 Queen St.',	'Drexel Hill',	'PA', '19026');


INSERT INTO Reservation (ReservationId, GuestId, NumberAdults,NumberChildren,StartDate,EndDate)
VALUES
    
    ('1', '2', '1', NULL, '2023/2/2', '2023/2/4'),
    ('2', '3', '2', '1', '2023/2/5', '2023/2/10'), 
    ('3', '4', '2', NULL, '2023/2/22', '2023/2/24'),
    ('4', '5', '2', '2', '2023/3/6', '2023/3/7'),
    ('5', '1', '1', '1', '2022/2/20', '2022/5/1'),
    ('6', '6', '3', NULL, '2023/3/18', '2023/3/23'),
    ('7', '7', '2 ', '2 ', '2023/3/29', '2023/3/31'),
    ('8', '8', '2', NULL, '2023/3/31', '2023/4/5'),
    ('9','9','1 ', NULL, '2023/4/9', '2023/4/13'),
    ('10','10','1', '1 ', '2023/4/23', '2023/4/24'),
    ('11', '11','2 ', '4 ', '2023/5/30', '2023/6/2'),
    ('12', '12','2 ', NULL, '2023/6/10', '2023/6/14'),
    ('13', '12','1 ', NULL, '2023/6/10', '2023/6/14'),
    ('14', '6', '3', NULL, '2023/6/17', '2023/6/18'),
    ('15', '1', '2 ', NULL, '2023/6/28', '2023/7/2'),
    ('16', '9', '3 ', '1 ', '2023/7/13', '2023/7/14'),
    ('17', '10','4 ', '2 ', '2023/7/18', '2023/7/21'),
    ('18', '3', '2 ', '1 ', '2023/7/28', '2023/7/29'),
    ('19', '3','1 ',NULL, '2023/8/30', '2023/9/1'),
    ('20', '2','2 ', NULL, '2023/9/16', '2023/9/17'),
    ('21', '5','2 ', '2 ', '2023/9/13', '2023/9/15'),
    ('22', '4','2 ', '2 ', '2023/11/22', '2023/11/25'),
    ('23', '2', '2', NULL, '2023/11/22', '2023/11/25'),
    ('24', '2', '2', '2', '2023/11/22', '2023/11/25'),
    ('25', '11', '2', NULL, '2023/12/24', '2023/12/28');

INSERT INTO Amenity	(AmenityName, Description, AddCost)
VALUES
	('Microwave', 'microwave in hotel room', NULL),
    ('Refregirator', 'fridge in hotel room',NULL),
    ('oven', 'oven in hotel room', NULL),
    ('Jaccuzi', 'jaccuzi in hotel room', '$25');

INSERT INTO RoomType (RoomType, MaxOccupancy, StandardOccupancy, BasePrice, PricePerAdult)
VALUES
	('Single', '2','2','$149.99', NULL),
    ('Double','4','2','$174.99','$10'),
    ('Suite', '8','3','$399.99','$20');

INSERT INTO Room (RoomNumber,RoomType,ADAaccessible)
VALUES
    ('201', 'Double', 'No'),
    ('202', 'Double', 'Yes'),
    ('203', 'Double', 'No'),
    ('204', 'Double', 'Yes'),
    ('205', 'Single', 'No'),
    ('206', 'Single', 'Yes'),
    ('207', 'Single', 'No'),
    ('208', 'Single', 'Yes'),
    ('305', 'Single', 'No'),
    ('306', 'Single', 'Yes'), 
    ('307', 'Single', 'No'), 
    ('308', 'Single', 'Yes'), 
    ('401', 'Suite', 'Yes'), 
    ('402', 'Suite', 'Yes'); 

INSERT INTO RoomReservation (RoomReservationID,ReservationID,RoomNumber)
VALUES
	('1','2', '308'),
    ('2','3', '203'),
    ('3','4', '305'),
    ('4','5', '201'),
    ('5','1', '307'),
    ('6','6', '302'),
    ('7','7', '202'),
    ('8','8', '304'),
    ('9','9', '301'),
    ('10','10', '207'),
    ('11','11', '401'),
    ('12','12', '206'),
    ('13','12', '208'),
    ('14','6', '304'),
    ('15','1', '205'),
    ('16','9', '204'),
    ('17','10', '401'),
    ('18','3', '303'),
    ('19','3', '305'),
    ('20','2', '208'),
    ('21','5', '203'),
    ('22','4', '401'),
    ('23','2', '206'),
    ('24','2', '301'),
    ('25','11', '302');


INSERT INTO RoomAmenity (RoomNumber,AmenityName)
VALUES
	('201','1'),
    ('201','4'),
    ('202','2'),
    ('203','1'),
    ('203','4'),
    ('204','2'),
    ('205','1'),
    ('205','2'),
    ('205','4'),
    ('206','1'),
    ('206','2'),
    ('207','1'),
    ('207','2'),
    ('207','4'),
    ('208','1'),
    ('208','2'),
	('301','1'),
    ('301','4'),
    ('302','2'),
    ('303','1'),
    ('303','4'),
    ('304','2'),
    ('305','1'),
    ('305','2'),
    ('305','4'),
    ('306','1'),
    ('306','2'),
    ('307','1'),
    ('307','2'),
    ('307','4'),
    ('308','1'),
    ('308','2'),
    ('401','1'),
    ('401','2'),
    ('401','3'),
	('402','1'),
    ('402','2'),
    ('402','3');
